{"experiment_name": "k_fold_17-zero_shot", "time": "2024_04_01-13_50_55", "results": {"msclap": {"accuracy": 0.15177923021060277, "average_precision": 0.012177299627363396, "recall": 0.14992826398852221, "precision": 0.15164784842540607, "f1": 0.1284044500167286}, "laion": {"accuracy": 0.1009440813362382, "average_precision": 0.011166272334842872, "recall": 0.09971305595408894, "precision": 0.11083372255124158, "f1": 0.0908112719617227}}}