{"experiment_name": "k_fold_200-zero_shot-1", "time": "2024_04_01-14_11_38", "results": {"msclap": {"accuracy": 0.18469135802469136, "average_precision": 0.014966500837750224, "recall": 0.18243902439024393, "precision": 0.16735470189997015, "f1": 0.15082580381422153}, "laion": {"accuracy": 0.17462962962962963, "average_precision": 0.012225793013152412, "recall": 0.17462962962962963, "precision": 0.12245947328814835, "f1": 0.13815064705220062}}}