{"experiment_name": "kfold200-zero_shot-template_idx_4-cluster_parameters", "time": "2024_04_08-10_29_46", "results": {"an audio of": {"seed": 1337, "tsne_iterations": 5000, "msclap": {"mean": -0.002681378275156021, "variance": 1.0218284130096436, "std": 1.0108553171157837}, "laion": {"mean": -0.00023943526321090758, "variance": 0.0019530677236616611, "std": 0.04419352486729622}}}}