{"experiment_name": "kfold17-zero_shot", "time": "2024_05_02-12_41_30", "results": {"msclap": {"accuracy": 0.25199709513435004, "average_precision": 0.012177299627363396, "recall": 0.25199709513435004, "precision": 0.2554558114081962, "f1": 0.21977154613436553}, "laion": {"accuracy": 0.21931735657225854, "average_precision": 0.011412813390354687, "recall": 0.21664275466284072, "precision": 0.22545928329332274, "f1": 0.19055179141529677}}}