{"experiment_name": "kfold200-zero_shot_temp_aug", "time": "2024_05_07-22_30_32", "results": {"clean": {"msclap": {"accuracy": 0.26654320987654323, "recall": 0.26654320987654323, "precision": 0.3107401820657017, "f1": 0.23735447066717857}, "laion": {"accuracy": 0.23104938271604938, "recall": 0.22823170731707318, "precision": 0.24843351111542056, "f1": 0.20479072247756694}}, "the sound of": {"msclap": {"accuracy": 0.2971604938271605, "recall": 0.2935365853658537, "precision": 0.3636249451556336, "f1": 0.2891092213396299}, "laion": {"accuracy": 0.23222222222222222, "recall": 0.22939024390243906, "precision": 0.239720968441469, "f1": 0.20057795702180298}}, "this is a sound of": {"msclap": {"accuracy": 0.32481481481481483, "recall": 0.3208536585365854, "precision": 0.37346285817349106, "f1": 0.30731775184585797}, "laion": {"accuracy": 0.18425925925925926, "recall": 0.18201219512195121, "precision": 0.21459906792737518, "f1": 0.15265820145172562}}, "this is": {"msclap": {"accuracy": 0.3071604938271605, "recall": 0.30341463414634146, "precision": 0.38176881284650577, "f1": 0.30096318496243984}, "laion": {"accuracy": 0.20191358024691358, "recall": 0.19945121951219516, "precision": 0.18992739048039362, "f1": 0.15851161626524662}}, "this is an audio of": {"msclap": {"accuracy": 0.32098765432098764, "recall": 0.3170731707317074, "precision": 0.3799879269299947, "f1": 0.30451537031827397}, "laion": {"accuracy": 0.1895679012345679, "recall": 0.1872560975609756, "precision": 0.19641937605317764, "f1": 0.15789457147317307}}, "an audio of": {"msclap": {"accuracy": 0.29833333333333334, "recall": 0.2946951219512195, "precision": 0.3733880967309567, "f1": 0.28457309760386384}, "laion": {"accuracy": 0.1921604938271605, "recall": 0.1898170731707317, "precision": 0.208623665917182, "f1": 0.15865814218382354}}, "i am hearing": {"msclap": {"accuracy": 0.19444444444444445, "recall": 0.19444444444444445, "precision": 0.3762213033608441, "f1": 0.2107414419153064}, "laion": {"accuracy": 0.19913580246913581, "recall": 0.1991358024691358, "precision": 0.1993226108068851, "f1": 0.1611368568120241}}, "i can hear": {"msclap": {"accuracy": 0.2995679012345679, "recall": 0.2995679012345679, "precision": 0.3642239103957802, "f1": 0.28887439914722396}, "laion": {"accuracy": 0.2080246913580247, "recall": 0.20802469135802468, "precision": 0.1696854349412193, "f1": 0.16181554805379283}}, "this person is feeling": {"msclap": {"accuracy": 0.2767901234567901, "recall": 0.2734146341463415, "precision": 0.3581488253649656, "f1": 0.2578509821669046}, "laion": {"accuracy": 0.22160493827160493, "recall": 0.22160493827160493, "precision": 0.20835675373801213, "f1": 0.17044542014589406}}, "i am feeling": {"msclap": {"accuracy": 0.2574074074074074, "recall": 0.25426829268292683, "precision": 0.35930768307931427, "f1": 0.24198930332952273}, "laion": {"accuracy": 0.17530864197530865, "recall": 0.17317073170731706, "precision": 0.15294169502673802, "f1": 0.13368707278338393}}, "i am touching": {"msclap": {"accuracy": 0.2567283950617284, "recall": 0.25359756097560976, "precision": 0.33396429230481445, "f1": 0.2308368897515076}, "laion": {"accuracy": 0.16240740740740742, "recall": 0.1604268292682927, "precision": 0.18652490647378997, "f1": 0.13664317807632886}}, "this is a sentence about": {"msclap": {"accuracy": 0.2776543209876543, "recall": 0.2742682926829268, "precision": 0.2875486268767259, "f1": 0.23086787137342984}, "laion": {"accuracy": 0.17969135802469136, "recall": 0.17750000000000002, "precision": 0.16635040427787162, "f1": 0.12850839767468708}}}}