{"experiment_name": "kfold200-zero_shot-template_idx_3-cluster_parameters", "time": "2024_04_08-10_24_44", "results": {"this is an audio of": {"seed": 1337, "tsne_iterations": 5000, "msclap": {"mean": -0.0018064285395666957, "variance": 1.0112766027450562, "std": 1.0056225061416626}, "laion": {"mean": 0.0006879066932015121, "variance": 0.0019526517717167735, "std": 0.04418881982564926}}}}