{"experiment_name": "kfold200-zero_shot-template_idx_8-cluster_parameters", "time": "2024_04_08-12_32_01", "results": {"i am touching": {"seed": 1337, "tsne_iterations": 5000, "msclap": {"mean": -0.002961078193038702, "variance": 1.0134576559066772, "std": 1.0067063570022583}, "laion": {"mean": 0.0001978944637812674, "variance": 0.0019530857680365443, "std": 0.044193729758262634}}}}