{"experiment_name": "kfold200-zero_shot_temp_aug", "time": "2024_04_06-14_25_22", "results": {"clean": {"msclap": {"accuracy": 0.26654320987654323, "average_precision": 0.01472771779410438, "recall": 0.26654320987654323, "precision": 0.3107401820657017, "f1": 0.23735447066717857}, "laion": {"accuracy": 0.23104938271604938, "average_precision": 0.01025830237141868, "recall": 0.22823170731707318, "precision": 0.24843351111542056, "f1": 0.20479072247756694}}, "this is a sound of": {"msclap": {"accuracy": 0.32481481481481483, "average_precision": 0.011603778519228477, "recall": 0.3208536585365854, "precision": 0.37346285817349106, "f1": 0.30731775184585797}, "laion": {"accuracy": 0.18425925925925926, "average_precision": 0.014245092642991855, "recall": 0.18201219512195121, "precision": 0.21459906792737518, "f1": 0.15265820145172562}}, "this is": {"msclap": {"accuracy": 0.3071604938271605, "average_precision": 0.009921295769968894, "recall": 0.30341463414634146, "precision": 0.38176881284650577, "f1": 0.30096318496243984}, "laion": {"accuracy": 0.20191358024691358, "average_precision": 0.011474413773615764, "recall": 0.19945121951219516, "precision": 0.18992739048039362, "f1": 0.15851161626524662}}, "this is an audio of": {"msclap": {"accuracy": 0.32098765432098764, "average_precision": 0.011762603522028616, "recall": 0.3170731707317074, "precision": 0.3799879269299947, "f1": 0.30451537031827397}, "laion": {"accuracy": 0.1895679012345679, "average_precision": 0.01178556604719638, "recall": 0.1872560975609756, "precision": 0.19641937605317764, "f1": 0.15789457147317307}}, "an audio of": {"msclap": {"accuracy": 0.29833333333333334, "average_precision": 0.012062113107470573, "recall": 0.2946951219512195, "precision": 0.3733880967309567, "f1": 0.28457309760386384}, "laion": {"accuracy": 0.1921604938271605, "average_precision": 0.009303540622414662, "recall": 0.1898170731707317, "precision": 0.208623665917182, "f1": 0.15865814218382354}}, "i am hearing": {"msclap": {"accuracy": 0.19444444444444445, "average_precision": 0.010553343441452664, "recall": 0.19444444444444445, "precision": 0.3762213033608441, "f1": 0.2107414419153064}, "laion": {"accuracy": 0.19913580246913581, "average_precision": 0.012869101917981322, "recall": 0.1991358024691358, "precision": 0.1993226108068851, "f1": 0.1611368568120241}}, "i can hear": {"msclap": {"accuracy": 0.2995679012345679, "average_precision": 0.011483767081852671, "recall": 0.2995679012345679, "precision": 0.3642239103957802, "f1": 0.28887439914722396}, "laion": {"accuracy": 0.2080246913580247, "average_precision": 0.012478322572331318, "recall": 0.20802469135802468, "precision": 0.1696854349412193, "f1": 0.16181554805379283}}}}