{"experiment_name": "kfold200-zero_shot-template_idx_7-cluster_parameters", "time": "2024_04_08-12_28_56", "results": {"i am feeling": {"seed": 1337, "tsne_iterations": 5000, "msclap": {"mean": -0.003061846364289522, "variance": 1.0154739618301392, "std": 1.0077072381973267}, "laion": {"mean": 0.0002442243858240545, "variance": 0.0019530653953552246, "std": 0.04419349879026413}}}}