{"experiment_name": "kfold17-zero_shot-topk", "time": "2024_04_19-23_41_12", "results": {"msclap": {"topk1": {"accuracy": 0.25199709513435004, "average_precision": 0.012177299627363396, "recall": 0.25199709513435004, "precision": 0.2554558114081962, "f1": 0.21977154613436553}, "topk2": {"accuracy": 0.36020334059549747, "average_precision": 0.023266872715705423, "recall": 0.3602033405954974, "precision": 0.3464800207311418, "f1": 0.3260359363834089}, "topk3": {"accuracy": 0.3289760348583878, "average_precision": 0.022870377696160023, "recall": 0.32897603485838783, "precision": 0.3399327276639201, "f1": 0.30368962925162774}, "cascade": {"accuracy": 0.4371822803195352, "average_precision": 0.022677281493104377, "recall": 0.43718228031953515, "precision": 0.4231959180921179, "f1": 0.39753408404895807}}, "laion": {"topk1": {"accuracy": 0.21931735657225854, "average_precision": 0.011412813390354687, "recall": 0.21664275466284072, "precision": 0.22545928329332274, "f1": 0.19055179141529677}, "topk2": {"accuracy": 0.32171387073347857, "average_precision": 0.01107408624028061, "recall": 0.3177905308464849, "precision": 0.31397288220228387, "f1": 0.2908114617473655}, "topk3": {"accuracy": 0.28685548293391433, "average_precision": 0.011197076278320318, "recall": 0.2833572453371592, "precision": 0.30491054887887753, "f1": 0.2655490840150719}, "cascade": {"accuracy": 0.38925199709513436, "average_precision": 0.011197173620748558, "recall": 0.3845050215208034, "precision": 0.3844450236764869, "f1": 0.3557153109851266}}}}