{"experiment_name": "kfold200-zero_shot-template_idx_5-cluster_parameters", "time": "2024_04_08-10_33_05", "results": {"i am hearing": {"seed": 1337, "tsne_iterations": 5000, "msclap": {"mean": -0.0028316553216427565, "variance": 1.016370415687561, "std": 1.0081520080566406}, "laion": {"mean": 0.0019114386523142457, "variance": 0.0019494713051244617, "std": 0.044152818620204926}}}}