{"experiment_name": "kfold200-zero_shot-template_idx_1-cluster_parameters", "time": "2024_04_08-10_16_10", "results": {"this is a sound of": {"seed": 1337, "tsne_iterations": 5000, "msclap": {"mean": -0.001739447470754385, "variance": 1.0133440494537354, "std": 1.0066499710083008}, "laion": {"mean": 0.0011591172078624368, "variance": 0.0019517815671861172, "std": 0.04417897015810013}}}}