{"experiment_name": "kfold200-zero_shot-cluster_parameters", "time": "2024_05_07-20_54_41", "results": {"MSCLAP": {"clean": {"clean": {"mean": 10.464937210083008, "variance": 196.6143035888672, "std": 14.02192211151123}, "augmented": {"mean": 10.464937210083008, "variance": 196.6143035888672, "std": 14.02192211151123}, "audio": {"mean": -1.9262059926986694, "variance": 47.84988784790039, "std": 6.917361259460449}}, "i am hearing ": {"clean": {"mean": 6.739790916442871, "variance": 248.7876739501953, "std": 15.773004531860352}, "augmented": {"mean": 10.578788757324219, "variance": 173.92514038085938, "std": 13.188068389892578}, "audio": {"mean": -1.5938538312911987, "variance": 48.327144622802734, "std": 6.951772689819336}}, "the sound of ": {"clean": {"mean": 8.531527519226074, "variance": 211.7552947998047, "std": 14.551814079284668}, "augmented": {"mean": 10.544093132019043, "variance": 193.9748077392578, "std": 13.927483558654785}, "audio": {"mean": -1.755556583404541, "variance": 48.03840637207031, "std": 6.93097448348999}}, "i can hear ": {"clean": {"mean": 8.038278579711914, "variance": 214.38218688964844, "std": 14.641796112060547}, "augmented": {"mean": 11.069084167480469, "variance": 199.74879455566406, "std": 14.133251190185547}, "audio": {"mean": -1.758478045463562, "variance": 48.254371643066406, "std": 6.946536540985107}}, "this is a sound of ": {"clean": {"mean": 11.518749237060547, "variance": 167.08877563476562, "std": 12.926281929016113}, "augmented": {"mean": 12.079591751098633, "variance": 20.771690368652344, "std": 4.5575971603393555}, "audio": {"mean": -2.1717889308929443, "variance": 43.88772201538086, "std": 6.624781131744385}}, "this person is feeling ": {"clean": {"mean": 9.145816802978516, "variance": 208.5943145751953, "std": 14.442794799804688}, "augmented": {"mean": 8.811817169189453, "variance": 171.22332763671875, "std": 13.085232734680176}, "audio": {"mean": -1.6526668071746826, "variance": 48.489376068115234, "std": 6.963431358337402}}, "this is ": {"clean": {"mean": 13.41093635559082, "variance": 124.05654907226562, "std": 11.138067245483398}, "augmented": {"mean": 11.77490520477295, "variance": 51.77894973754883, "std": 7.195759296417236}, "audio": {"mean": -2.3178889751434326, "variance": 44.91379165649414, "std": 6.701775074005127}}, "i am feeling ": {"clean": {"mean": 7.119760036468506, "variance": 251.3236541748047, "std": 15.853190422058105}, "augmented": {"mean": 9.176325798034668, "variance": 153.93643188476562, "std": 12.407112121582031}, "audio": {"mean": -1.4997520446777344, "variance": 48.55610656738281, "std": 6.968221187591553}}, "this is an audio of ": {"clean": {"mean": 12.069255828857422, "variance": 154.6527557373047, "std": 12.435946464538574}, "augmented": {"mean": 11.89410400390625, "variance": 26.886749267578125, "std": 5.185243606567383}, "audio": {"mean": -2.2053823471069336, "variance": 44.44160079956055, "std": 6.6664533615112305}}, "i am touching ": {"clean": {"mean": 8.072145462036133, "variance": 204.489990234375, "std": 14.299999237060547}, "augmented": {"mean": 10.34797477722168, "variance": 193.7729034423828, "std": 13.920233726501465}, "audio": {"mean": -1.6952297687530518, "variance": 49.43232345581055, "std": 7.0308122634887695}}, "an audio of ": {"clean": {"mean": 9.569069862365723, "variance": 196.0253448486328, "std": 14.00090503692627}, "augmented": {"mean": 10.430497169494629, "variance": 198.10020446777344, "std": 14.074807167053223}, "audio": {"mean": -1.8405886888504028, "variance": 48.008392333984375, "std": 6.928808689117432}}, "this is a sentence about ": {"clean": {"mean": 7.967925071716309, "variance": 169.81361389160156, "std": 13.031255722045898}, "augmented": {"mean": 15.35815143585205, "variance": 67.99050903320312, "std": 8.245635986328125}, "audio": {"mean": -2.1467320919036865, "variance": 44.512367248535156, "std": 6.671759128570557}}}, "LAION_CLAP": {"clean": {"clean": {"mean": 5.753951072692871, "variance": 20.70356559753418, "std": 4.550117015838623}, "augmented": {"mean": 5.753951072692871, "variance": 20.70356559753418, "std": 4.550117015838623}, "audio": {"mean": -1.0590885877609253, "variance": 22.553977966308594, "std": 4.74910306930542}}, "i am hearing ": {"clean": {"mean": 0.4884560704231262, "variance": 35.29691696166992, "std": 5.941120624542236}, "augmented": {"mean": 7.587482929229736, "variance": 122.97859954833984, "std": 11.089571952819824}, "audio": {"mean": -0.7432402968406677, "variance": 20.355205535888672, "std": 4.511674404144287}}, "the sound of ": {"clean": {"mean": 4.042276382446289, "variance": 12.86218547821045, "std": 3.5863888263702393}, "augmented": {"mean": 4.774557590484619, "variance": 18.753799438476562, "std": 4.330565929412842}, "audio": {"mean": -0.8114258646965027, "variance": 25.54323387145996, "std": 5.0540313720703125}}, "i can hear ": {"clean": {"mean": 0.7521647214889526, "variance": 32.96253967285156, "std": 5.7413010597229}, "augmented": {"mean": 7.416850566864014, "variance": 131.73268127441406, "std": 11.477485656738281}, "audio": {"mean": -0.7518061399459839, "variance": 20.519983291625977, "std": 4.529898643493652}}, "this is a sound of ": {"clean": {"mean": 1.0564186573028564, "variance": 39.935569763183594, "std": 6.319459438323975}, "augmented": {"mean": 6.37263298034668, "variance": 98.37345123291016, "std": 9.918338775634766}, "audio": {"mean": -0.6837061643600464, "variance": 21.69869041442871, "std": 4.6581854820251465}}, "this person is feeling ": {"clean": {"mean": 0.5470478534698486, "variance": 35.461551666259766, "std": 5.954960346221924}, "augmented": {"mean": 8.792097091674805, "variance": 115.56129455566406, "std": 10.749943733215332}, "audio": {"mean": -0.8594948649406433, "variance": 20.243955612182617, "std": 4.499328136444092}}, "this is ": {"clean": {"mean": 1.5510228872299194, "variance": 38.447837829589844, "std": 6.200632095336914}, "augmented": {"mean": 7.158760070800781, "variance": 114.86044311523438, "std": 10.717296600341797}, "audio": {"mean": -0.8015738725662231, "variance": 20.271350860595703, "std": 4.502371788024902}}, "i am feeling ": {"clean": {"mean": 2.166625499725342, "variance": 33.572235107421875, "std": 5.794155120849609}, "augmented": {"mean": 8.017906188964844, "variance": 96.39107513427734, "std": 9.817895889282227}, "audio": {"mean": -0.937296986579895, "variance": 21.742916107177734, "std": 4.662930011749268}}, "this is an audio of ": {"clean": {"mean": 0.17729640007019043, "variance": 38.97856521606445, "std": 6.243281841278076}, "augmented": {"mean": 4.490941524505615, "variance": 80.13818359375, "std": 8.951992988586426}, "audio": {"mean": -0.42962461709976196, "variance": 22.627670288085938, "std": 4.756855010986328}}, "i am touching ": {"clean": {"mean": 3.261120319366455, "variance": 36.091529846191406, "std": 6.007622718811035}, "augmented": {"mean": 8.067587852478027, "variance": 89.03426361083984, "std": 9.435796737670898}, "audio": {"mean": -1.0425971746444702, "variance": 20.06500244140625, "std": 4.479397773742676}}, "an audio of ": {"clean": {"mean": -2.5720229148864746, "variance": 26.85542106628418, "std": 5.182221412658691}, "augmented": {"mean": 5.336784362792969, "variance": 26.439708709716797, "std": 5.141955852508545}, "audio": {"mean": -2.7988944053649902, "variance": 31.329837799072266, "std": 5.597306251525879}}, "this is a sentence about ": {"clean": {"mean": 3.5129237174987793, "variance": 13.466817855834961, "std": 3.6697163581848145}, "augmented": {"mean": 10.762792587280273, "variance": 88.48906707763672, "std": 9.40686321258545}, "audio": {"mean": -1.3138145208358765, "variance": 18.889305114746094, "std": 4.346182823181152}}}}}