{"experiment_name": "kfold200-zero_shot_temp_aug", "time": "2024_04_05-15_12_19", "results": {"template": "This is a sound of ", "msclap": {"accuracy": 0.3264814814814815, "average_precision": 0.011604305389099614, "recall": 0.32250000000000006, "precision": 0.3725070149120088, "f1": 0.3085280902092531}, "laion": {"accuracy": 0.24407407407407408, "average_precision": 0.01007255347624654, "recall": 0.24109756097560975, "precision": 0.2663078416229519, "f1": 0.22353424699112792}}}