{"experiment_name": "kfold200-zero_shot-topk", "time": "2024_04_07-20_02_46", "results": {"msclap": {"topk1": {"accuracy": 0.26654320987654323, "average_precision": 0.01472771779410438, "recall": 0.26654320987654323, "precision": 0.3107401820657017, "f1": 0.23735447066717857}, "topk2": {"accuracy": 0.3727160493827161, "average_precision": 0.014467130099295072, "recall": 0.372716049382716, "precision": 0.39301143347508743, "f1": 0.333434183132128}, "topk3": {"accuracy": 0.3341358024691358, "average_precision": 0.013819001697517623, "recall": 0.3341358024691358, "precision": 0.35039978605040867, "f1": 0.30745164335787034}, "cascade": {"accuracy": 0.44030864197530867, "average_precision": 0.013925449236643203, "recall": 0.4403086419753086, "precision": 0.4480612675644248, "f1": 0.3984834196295523}}, "laion": {"topk1": {"accuracy": 0.23104938271604938, "average_precision": 0.01025830237141868, "recall": 0.22823170731707318, "precision": 0.24843351111542056, "f1": 0.20479072247756694}, "topk2": {"accuracy": 0.32271604938271603, "average_precision": 0.01008021014218071, "recall": 0.31878048780487805, "precision": 0.32735942779508, "f1": 0.29200991140498006}, "topk3": {"accuracy": 0.29055555555555557, "average_precision": 0.010176699462444178, "recall": 0.2870121951219512, "precision": 0.3003147604527816, "f1": 0.2688201645772102}, "cascade": {"accuracy": 0.23104938271604938, "average_precision": 0.01025830237141868, "recall": 0.22823170731707318, "precision": 0.24843351111542056, "f1": 0.3490745621296883}}}}