{"experiment_name": "kfold200-zero_shot-template_idx_9-cluster_parameters", "time": "2024_04_08-12_34_51", "results": {"this is a sentence about": {"seed": 1337, "tsne_iterations": 5000, "msclap": {"mean": -0.0029956481885164976, "variance": 1.0194423198699951, "std": 1.009674310684204}, "laion": {"mean": -0.00018858927069231868, "variance": 0.0019530891440808773, "std": 0.04419376701116562}}}}