{"experiment_name": "kfold200-zero_shot", "time": "2024_04_07-19_44_48", "results": {"msclap": {"accuracy": 0.26654320987654323, "average_precision": 0.01472771779410438, "recall": 0.26654320987654323, "precision": 0.3107401820657017, "f1": 0.23735447066717857}, "laion": {"accuracy": 0.23104938271604938, "average_precision": 0.01025830237141868, "recall": 0.22823170731707318, "precision": 0.24843351111542056, "f1": 0.20479072247756694}}}